{
  "Ansi 6 Color" : {
    "Red Component" : 0.070588239999999997,
    "Color Space" : "sRGB",
    "Blue Component" : 0.75294119999999998,
    "Green Component" : 0.81176470000000001
  },
  "Tags" : [

  ],
  "Ansi 12 Color" : {
    "Red Component" : 0.69019607843137254,
    "Color Space" : "sRGB",
    "Blue Component" : 0.69019607843137254,
    "Alpha Component" : 1,
    "Green Component" : 0.69019607843137254
  },
  "Ansi 2 Color" : {
    "Red Component" : 0.45017175516113639,
    "Color Space" : "sRGB",
    "Blue Component" : 0.47745432168828472,
    "Alpha Component" : 1,
    "Green Component" : 0.774200439453125
  },
  "Normal Font" : "MesloLGMForPowerline-Regular 12",
  "Bold Color" : {
    "Red Component" : 0.81568629999999998,
    "Color Space" : "sRGB",
    "Blue Component" : 0.81568629999999998,
    "Green Component" : 0.81568629999999998
  },
  "Ansi 3 Color" : {
    "Red Component" : 0.888824462890625,
    "Color Space" : "sRGB",
    "Blue Component" : 0.69134257500991225,
    "Alpha Component" : 1,
    "Green Component" : 0.86724294926091772
  },
  "Ansi 4 Color" : {
    "Red Component" : 0.60005713580176234,
    "Color Space" : "sRGB",
    "Blue Component" : 0.976226806640625,
    "Alpha Component" : 1,
    "Green Component" : 0.84397966458808993
  },
  "Right Option Key Sends" : 0,
  "Rows" : 25,
  "Default Bookmark" : "No",
  "Cursor Guide Color" : {
    "Red Component" : 0.70213186740875244,
    "Color Space" : "sRGB",
    "Blue Component" : 1,
    "Alpha Component" : 0.25,
    "Green Component" : 0.9268307089805603
  },
  "Non-ASCII Anti Aliased" : true,
  "Use Bright Bold" : true,
  "Ansi 10 Color" : {
    "Red Component" : 0.27013247087597847,
    "Color Space" : "sRGB",
    "Blue Component" : 0.33075434358701322,
    "Alpha Component" : 1,
    "Green Component" : 0.770751953125
  },
  "Ambiguous Double Width" : false,
  "Jobs to Ignore" : [
    "rlogin",
    "ssh",
    "slogin",
    "telnet"
  ],
  "Ansi 15 Color" : {
    "Red Component" : 0.96078430000000004,
    "Color Space" : "sRGB",
    "Blue Component" : 0.96078430000000004,
    "Green Component" : 0.96078430000000004
  },
  "Foreground Color" : {
    "Red Component" : 0.81568629999999998,
    "Color Space" : "sRGB",
    "Blue Component" : 0.81568629999999998,
    "Green Component" : 0.81568629999999998
  },
  "Working Directory" : "\/Users\/jatin",
  "Use Tab Color" : false,
  "Blinking Cursor" : true,
  "Disable Window Resizing" : true,
  "Sync Title" : false,
  "Prompt Before Closing 2" : false,
  "BM Growl" : true,
  "Command" : "",
  "Description" : "Default",
  "Mouse Reporting" : true,
  "Screen" : -2,
  "Selection Color" : {
    "Red Component" : 0.18823529999999999,
    "Color Space" : "sRGB",
    "Blue Component" : 0.18823529999999999,
    "Green Component" : 0.18823529999999999
  },
  "Columns" : 80,
  "Idle Code" : 0,
  "Ansi 13 Color" : {
    "Red Component" : 0.87843139999999997,
    "Color Space" : "sRGB",
    "Blue Component" : 0.87843139999999997,
    "Green Component" : 0.87843139999999997
  },
  "Custom Command" : "No",
  "ASCII Anti Aliased" : true,
  "Non Ascii Font" : "Monaco 12",
  "Vertical Spacing" : 1,
  "Use Bold Font" : true,
  "Option Key Sends" : 0,
  "Selected Text Color" : {
    "Red Component" : 0.81568629999999998,
    "Color Space" : "sRGB",
    "Blue Component" : 0.81568629999999998,
    "Green Component" : 0.81568629999999998
  },
  "Background Color" : {
    "Red Component" : 0.082352939999999999,
    "Color Space" : "sRGB",
    "Blue Component" : 0.082352939999999999,
    "Green Component" : 0.082352939999999999
  },
  "Character Encoding" : 4,
  "Ansi 11 Color" : {
    "Red Component" : 0.496917724609375,
    "Color Space" : "sRGB",
    "Blue Component" : 0.47165329195559025,
    "Alpha Component" : 1,
    "Green Component" : 0.47165329195559025
  },
  "Use Italic Font" : true,
  "Unlimited Scrollback" : false,
  "Keyboard Map" : {
    "0xf700-0x260000" : {
      "Action" : 10,
      "Text" : "[1;6A"
    },
    "0x37-0x40000" : {
      "Action" : 11,
      "Text" : "0x1f"
    },
    "0x32-0x40000" : {
      "Action" : 11,
      "Text" : "0x00"
    },
    "0xf709-0x20000" : {
      "Action" : 10,
      "Text" : "[17;2~"
    },
    "0xf70c-0x20000" : {
      "Action" : 10,
      "Text" : "[20;2~"
    },
    "0xf729-0x20000" : {
      "Action" : 10,
      "Text" : "[1;2H"
    },
    "0xf72b-0x40000" : {
      "Action" : 10,
      "Text" : "[1;5F"
    },
    "0xf705-0x20000" : {
      "Action" : 10,
      "Text" : "[1;2Q"
    },
    "0xf703-0x260000" : {
      "Action" : 10,
      "Text" : "[1;6C"
    },
    "0xf700-0x220000" : {
      "Action" : 10,
      "Text" : "[1;2A"
    },
    "0xf701-0x280000" : {
      "Action" : 11,
      "Text" : "0x1b 0x1b 0x5b 0x42"
    },
    "0x38-0x40000" : {
      "Action" : 11,
      "Text" : "0x7f"
    },
    "0x33-0x40000" : {
      "Action" : 11,
      "Text" : "0x1b"
    },
    "0xf703-0x220000" : {
      "Action" : 10,
      "Text" : "[1;2C"
    },
    "0xf701-0x240000" : {
      "Action" : 10,
      "Text" : "[1;5B"
    },
    "0xf70d-0x20000" : {
      "Action" : 10,
      "Text" : "[21;2~"
    },
    "0xf702-0x260000" : {
      "Action" : 10,
      "Text" : "[1;6D"
    },
    "0xf729-0x40000" : {
      "Action" : 10,
      "Text" : "[1;5H"
    },
    "0xf706-0x20000" : {
      "Action" : 10,
      "Text" : "[1;2R"
    },
    "0x34-0x40000" : {
      "Action" : 11,
      "Text" : "0x1c"
    },
    "0xf700-0x280000" : {
      "Action" : 11,
      "Text" : "0x1b 0x1b 0x5b 0x41"
    },
    "0x2d-0x40000" : {
      "Action" : 11,
      "Text" : "0x1f"
    },
    "0xf70e-0x20000" : {
      "Action" : 10,
      "Text" : "[23;2~"
    },
    "0xf702-0x220000" : {
      "Action" : 10,
      "Text" : "[1;2D"
    },
    "0xf703-0x280000" : {
      "Action" : 11,
      "Text" : "0x1b 0x1b 0x5b 0x43"
    },
    "0xf700-0x240000" : {
      "Action" : 10,
      "Text" : "[1;5A"
    },
    "0xf707-0x20000" : {
      "Action" : 10,
      "Text" : "[1;2S"
    },
    "0xf70a-0x20000" : {
      "Action" : 10,
      "Text" : "[18;2~"
    },
    "0x35-0x40000" : {
      "Action" : 11,
      "Text" : "0x1d"
    },
    "0xf70f-0x20000" : {
      "Action" : 10,
      "Text" : "[24;2~"
    },
    "0xf703-0x240000" : {
      "Action" : 10,
      "Text" : "[1;5C"
    },
    "0xf701-0x260000" : {
      "Action" : 10,
      "Text" : "[1;6B"
    },
    "0xf702-0x280000" : {
      "Action" : 11,
      "Text" : "0x1b 0x1b 0x5b 0x44"
    },
    "0xf72b-0x20000" : {
      "Action" : 10,
      "Text" : "[1;2F"
    },
    "0x36-0x40000" : {
      "Action" : 11,
      "Text" : "0x1e"
    },
    "0xf708-0x20000" : {
      "Action" : 10,
      "Text" : "[15;2~"
    },
    "0xf701-0x220000" : {
      "Action" : 10,
      "Text" : "[1;2B"
    },
    "0xf70b-0x20000" : {
      "Action" : 10,
      "Text" : "[19;2~"
    },
    "0xf702-0x240000" : {
      "Action" : 10,
      "Text" : "[1;5D"
    },
    "0xf704-0x20000" : {
      "Action" : 10,
      "Text" : "[1;2P"
    }
  },
  "Window Type" : 1,
  "Blur" : false,
  "Badge Color" : {
    "Red Component" : 1,
    "Color Space" : "sRGB",
    "Blue Component" : 0,
    "Alpha Component" : 0.5,
    "Green Component" : 0.1491314172744751
  },
  "Scrollback Lines" : 100000,
  "Send Code When Idle" : false,
  "Close Sessions On End" : true,
  "Terminal Type" : "xterm-256color",
  "Visual Bell" : true,
  "Flashing Bell" : false,
  "Silence Bell" : false,
  "Unicode Normalization" : 0,
  "Ansi 14 Color" : {
    "Red Component" : 0.87058824000000001,
    "Color Space" : "sRGB",
    "Blue Component" : 0.56078433999999999,
    "Green Component" : 0.68627450000000001
  },
  "Name" : "Default",
  "Cursor Text Color" : {
    "Red Component" : 0.082352939999999999,
    "Color Space" : "sRGB",
    "Blue Component" : 0.082352939999999999,
    "Green Component" : 0.082352939999999999
  },
  "Minimum Contrast" : 0,
  "Shortcut" : "",
  "Cursor Color" : {
    "Red Component" : 0.81568629999999998,